country,founded,id,industry,linkedin_url,locality,name,region,size,website
australia,,1OGlvsE24EJcdw1yp2Gnvwtm3eVB,retail,linkedin.com/company/unikc-group,bondi junction,unikc group,new south wales,1-10,unikcgroup.com
australia,2015,8FgdsZX5oV3vbsmZxBZ1GgU1oyNs,retail,linkedin.com/company/movement-mecca,toombul,movement mecca,queensland,1-10,movementmecca.com
australia,2005,bjs16cxTRLi1RCFuvvHLRAsfrT3z,retail,linkedin.com/company/chloe-s-on-north-road,albany,chloe's on north road,western australia,1-10,facebook.com/chloesonnorth
australia,2000,075Q4EoxEKabwwUBQ3gbBQYFZMwq,retail,linkedin.com/company/affordable-blinds-shutters,gold coast,affordable blinds & shutters,queensland,1-10,affordableblindsandshutters.com.au
australia,,ObCvoytnIgeINr0VB3oSwgsPFD8x,retail,linkedin.com/company/love-by-five,,love by five,,1-10,lovebyfive.com.au
australia,,RgFekI3cyjMj4AOQHllHZgXXjOLI,retail,linkedin.com/company/cherry-bloom-flowers,south perth,cherry bloom flowers,western australia,1-10,cherrybloom.com.au
australia,,hc05cohp8jNIpvmK4uDBpAM29OeJ,retail,linkedin.com/company/catanachs-jewellers,,catanachs jewellers,,1-10,
australia,,m3kIV85efmVgbTKbLwNy4Qkuf1R4,retail,linkedin.com/company/hillzeez,margaret river,hillzeez,western australia,1-10,hillzeez.com.au
australia,2017,ROQUBTv6C3g1um9P5v26uwt8p801,retail,linkedin.com/company/confidenceclub,bondi junction,confidenceclub.com.au,new south wales,11-50,confidenceclub.com.au
australia,2014,xmd7QHiChhTM0Wq38KfGsAh7WBb9,retail,linkedin.com/company/stgroup,port melbourne,stgroup,victoria,201-500,stgroup.net.au
australia,,NtOyPz3nXfQ2h7968Y5Sewojhm7v,retail,linkedin.com/company/supreme-quilts,para hills west,supreme quilts,south australia,1-10,supremequilts.com.au
australia,2016,1ZIZJSQKwaHSGqLM8rFpKgK4MmwA,retail,linkedin.com/company/t.c-boxes,pakenham,t.c boxes australia pty ltd,victoria,11-50,tcboxes.com.au
australia,,HM3CTA6NBPfXzKtFToaXIg7pJIIy,retail,linkedin.com/company/urban-culture-online,bankstown,urban culture online,new south wales,1-10,urbancultureonline.com
australia,2017,f1ICICfzam2UbGALTCPuBgJnFNBe,retail,linkedin.com/company/collectible-madness,burton,collectible madness pty ltd,south australia,1-10,collectiblemadness.com.au
australia,1998,Cq6MnVipSCko9pPi4erBVwc5CqN1,retail,linkedin.com/company/thatquirkylittleshop,surry hills,that quirky little shop,new south wales,1-10,thatquirkylittleshop.com
australia,,96aOPolCb43NZH5McsUadQdWo7Tp,retail,linkedin.com/company/heat-'n'-tint,kilkenny,heat 'n' tint,south australia,1-10,heatntint.com.au
australia,,WeQx0ABJK2WCBQ32tNC66QogonqD,retail,linkedin.com/company/mornington-cycles,mornington,mornington cycles,queensland,1-10,morningtoncycles.com.au
australia,,gpKYgLfXgZEFmjnurSp0LgMKHw1H,retail,linkedin.com/company/australis-total-pool-care,croydon,australis total pool care,victoria,1-10,cleanpool.com.au
australia,2018,IKwsR87NU1zFknoOYm2SIQrKGZ35,retail,linkedin.com/company/jnr-life,melbourne,jnr.life,victoria,1-10,jnrlife.com
australia,,gWvZlJwb809gwUwbnbUbJgYSPJJY,retail,linkedin.com/company/lily-west,findon,lily west,south australia,1-10,
australia,,AA8yJBzghMkEb9nMB1cerQWHZATs,retail,linkedin.com/company/grindstone-coffee-house,bundaberg central,grindstone coffee house,queensland,1-10,grindstonecoffee.com.au
australia,,NBkPISKkwvKXYtWmfA6AXgaYWrex,retail,linkedin.com/company/tassie-cars,exeter,tassie cars,south australia,1-10,tassiecars.com.au
australia,2017,YNoCzUY75BblcFDTTGY8swbRoabx,retail,linkedin.com/company/voucha,caulfield,voucha,victoria,1-10,voucha.com.au
australia,1988,WeH9525jfrO6RKhUwj4m0wVBiHky,retail,linkedin.com/company/remo-general-store,,remo general store,,1-10,remogeneralstore.com
australia,,M7O0WHuFxHNQDAMXodFhvQlEoymn,retail,linkedin.com/company/suttons-hyundai-arncliffe,arncliffe,suttons hyundai arncliffe,new south wales,1-10,suttonshyundaiarncliffe.com.au
australia,2018,2PNRv41lQVzBDAqPcpsS9QQz5VYq,retail,linkedin.com/company/angel-lights-co,perth,angel lights co.,western australia,1-10,angellights.com.au
australia,,rRXBCwsVeeLuYySFYalmCAliQHPu,retail,linkedin.com/company/bayleaves-florist,,bayleaves florist,,1-10,bayleavesflorist.com.au
australia,,CAnTfgxm7cnWQP1g7s2LCwJDyMhz,retail,linkedin.com/company/handmade-with-love-by-nadia,kilsyth,handmade with love by nadia,victoria,1-10,handmadewithlove.com.au
australia,,r962dm61kM3sRu4d6zXiDgBlyQOF,retail,linkedin.com/company/nu-style-home-improvements,pascoe vale,nu-style home improvements,victoria,1-10,
australia,,QqEdCoMrDcRgDZqR46BhqQxhzFi0,retail,linkedin.com/company/toytally-cool-gifts,castle hill,toytally cool gifts,queensland,1-10,toytallycoolgifts.com
australia,2015,gNzHBbDoEAIuwAa0gIYMvQ3roVd0,retail,linkedin.com/company/i-still-call-australia-home,burleigh heads,i still call australia home - luxury gift hampers delivered worldwide,queensland,1-10,istillcallaustraliahome.com
australia,,NOYtEKOtRUxRzkumTCuRBAC4owC6,retail,linkedin.com/company/the-pop-up-party,hervey bay,the pop-up party,queensland,1-10,thepopuppartyco.com.au
australia,,XIMhUjIBEWxah6mp2XbQewrFH1Nr,retail,linkedin.com/company/cashmart-pawnbrokers,frankston,cashmart pawnbrokers,victoria,1-10,cashmart.com.au
australia,,zI9lqvfvQx1P8RWJq7p3FwO9U4tY,retail,linkedin.com/company/spearman-cycles,wollongong,spearman cycles,new south wales,1-10,spearmancycles.com.au
australia,2001,hWxv6GakwYPmDujG3TgPEgsla7YK,retail,linkedin.com/company/team-windcraft,bay view,team windcraft,new south wales,11-50,
australia,,F8imm2E9B2nJhsm97U04hwVi8Kw0,retail,linkedin.com/company/limited-edition-fins,bayswater north,limited edition fins,victoria,1-10,limitededitionfins.com
australia,,rPsqeQypDLpFAyRGmhsEFQn9s5hu,retail,linkedin.com/company/sparco-auto-parts-&-tyres,hobart,sparco auto parts & tyres,tasmania,1-10,sparcotas.com.au
australia,2004,VD9phCiVAYX3fm07HDbj3w54m8TC,retail,linkedin.com/company/western-pacific-automotive-pty-ltd.,bentley,western pacific automotive pty ltd.,western australia,1-10,
australia,,CWbmmCOYVofib3HdPOODuQxYO5ln,retail,linkedin.com/company/bayview-blinds-&-shutters,dunsborough,bayview blinds & shutters,western australia,1-10,bayviewblinds.com.au
australia,,wQTceUzVmFp31qWPat4KUQsuFmgz,retail,linkedin.com/company/olympia-massage-chairs,gold coast,olympia massage chairs,queensland,11-50,olympiamassagechairs.com.au
australia,,hh0rgymJm9tgWqjtqno4pwEDe6Wq,retail,linkedin.com/company/the-tie-works,alphington,the tie works,victoria,1-10,thetieworks.com.au
australia,,qewFCn0Hjk2Bwr8pwn3umQb9cTfB,retail,linkedin.com/company/jeff-ramsey-compounding-pharmacy,north adelaide,jeff ramsey compounding pharmacy,south australia,1-10,
australia,,SPhz9pBngyEKsa4Honk4JQmAxLrc,retail,linkedin.com/company/surgical-engineering-queensland-pty,brighton,surgical engineering queensland pty,south australia,1-10,sureng.com.au
australia,,AThGwfBkc3Tjb0M08SGmvgK7pimW,retail,linkedin.com/company/all-star-car-services,west melbourne,all star car services,victoria,1-10,allstarcarservices.business.site
australia,,aonYNxOfiEf2YZnU4npvhAxz4vwF,retail,linkedin.com/company/ivanhoe-east-eyecare,ivanhoe east,ivanhoe east eyecare,victoria,1-10,ivanhoe-east-eyecare.business.site
australia,,xzMZzBBb3K82rC5Wz7svCwtVBS9X,retail,linkedin.com/company/maddocks-sports-blackburn,,maddocks sports blackburn,,1-10,maddockssports.com.au
australia,,e5Q5odBH0aCcn34tfLFivQpMR0Wi,retail,linkedin.com/company/family-videoland,,family videoland,,1-10,familyvideoland.com.au
australia,,qCR9XIFSC0NgJhmseeUkyQqPHjh5,retail,linkedin.com/company/bunyip-toys,,bunyip toys,,1-10,bunyiptoys.com.au
australia,,XhfOMLaCBchkTKrcXKq5rgrI3zTQ,retail,linkedin.com/company/wholesale-t-shirt,northmead,wholesale t-shirt,new south wales,1-10,wholesaletshirt.com.au
australia,2012,jSQiegUhDowoVT6VKRCOww152FTI,retail,linkedin.com/company/carroll-tyres,yatala,carroll tyres,queensland,11-50,carrolltyres.com.au
australia,2012,o15EaYfYWpjGQ9ee2UAsWgix6U5H,retail,linkedin.com/company/accapella-bridal,wollongong,accapella bridal,new south wales,1-10,accapellabridal.com.au
australia,,MVK5UsiYmVxBvwLzbIxHWQthlEqJ,retail,linkedin.com/company/compleat-angler-batemans-bay,batemans bay,compleat angler batemans bay,new south wales,1-10,compleatanglerbatemansbay.com
australia,,8iXs4cd5IPRMI3ofn96FqAUFlPVr,retail,linkedin.com/company/jarrett-nissan,bridgewater,jarrett nissan,south australia,1-10,jarrettnissan.com.au
australia,,qCfeKa9KIkKOxPoM7C2fnA7LLdq9,retail,linkedin.com/company/rylo-interiors,east brisbane,rylo interiors,queensland,1-10,
australia,,BWZYh1xsCrOmqy03vJgfQwczgNAF,retail,linkedin.com/company/guru-fencing-and-gates,thornlie,guru fencing and gates,western australia,1-10,gurufencingandgates.com.au
australia,,apQ7zBp2BTVLLYxMbnANPgexy1F0,retail,linkedin.com/company/little-haven-market-place,gympie,little haven market place,queensland,1-10,littlehaven.org.au
australia,,zQ49WQMPaA3M3ZTBPW2gsAKAdOBE,retail,linkedin.com/company/boomering-basketball,gnangara,boomering basketball,western australia,1-10,boomering.com.au
australia,1989,YCJ70zJgfeRZxdfiComVJgvKmDvL,retail,linkedin.com/company/ozwinds-brass-and-woodwind,melbourne,ozwinds brass and woodwind,victoria,11-50,ozwinds.com.au
australia,,dCwLQleADFQbcy0OQGvSYwT5afV0,retail,linkedin.com/company/australian-stationery-pty-ltd,ropes crossing,australian stationery pty ltd,new south wales,1-10,australian-stationery-pty-ltd.business.site
australia,,8P7U5iBG6slUGiNI1ek2YQ0adUC0,retail,linkedin.com/company/spurling-formalwear,adelaide,spurling formalwear,south australia,1-10,
australia,,PvgBJBcRPKCdjtmXs76QDwErwJVm,retail,linkedin.com/company/my-blinds,brendale,my blinds,queensland,1-10,myblindsbrisbane.com.au
australia,,eFdhN0RxTsDAOol0S1zrCgdtimRX,retail,linkedin.com/company/scaramouche-jewels,,scaramouche jewels,,1-10,scaramouchenewcastle.com.au
australia,,woBAk3FZqTMA0v9l11bHIgS7MQwJ,retail,linkedin.com/company/kodak-photo-lab,joondalup,kodak photo lab,western australia,1-10,
australia,2015,vfuDtHLogA5sAws1zQ3ieQ3f6Tju,retail,linkedin.com/company/clementine-posy,camden,clementine posy,new south wales,11-50,clementineposy.com.au
australia,,W4uosXNDflrInQ0HegchyQgnGgjc,retail,linkedin.com/company/bliss-housedesign,wiluna,bliss housedesign,western australia,1-10,blisshousedesign.com.au
australia,2009,Ag94iCMEaLqNRROjsV3uzQPFyOr9,retail,linkedin.com/company/abody-furniture,melbourne,abody furniture,victoria,11-50,abodyfurniture.com
australia,,1W5hhaucSCefarTeG2SDcwMJnZr0,retail,linkedin.com/company/cricks-mitsubishi,maroochydore,cricks mitsubishi,queensland,1-10,cricksnambourmitsubishi.com.au
australia,,MeFofOorKZUisPZGQrtI8gT0XIgR,retail,linkedin.com/company/layback-living,corrimal,layback living,new south wales,1-10,laybackliving.com.au
australia,2001,y7YwueCosZgkRzfOSlAiHgb92nlX,retail,linkedin.com/company/helen-rodrigues-bridal,neutral bay,helen rodrigues bridal,new south wales,1-10,helenrodrigues.com.au
australia,,nEFUzQQMQMFWG0vcYU1uNwRl8kKb,retail,linkedin.com/company/mirror-gallery-australia,fortitude valley,mirror gallery australia,queensland,1-10,mirrorgallery.com.au
australia,,gds5YVohcCBrEi5MDYjmkAFGVpj2,retail,linkedin.com/company/tech-centa,telopea,tech centa,new south wales,1-10,techcenta.com.au
australia,,fJ3JJ5lTKKpClmlxgArSsQfIE8Ha,retail,linkedin.com/company/moviemem-original-movie-posters,miami,moviemem original movie posters,queensland,1-10,moviemem.com
australia,2005,4Y0zLwBZsEFNoSVSyNMN5wQCYMgi,retail,linkedin.com/company/most-wanted-interiors,hawthorn,most wanted interiors,south australia,1-10,mostwantedinteriors.com.au
australia,,nO9IECFBViIOFlfN3kcwLAhGPCOm,retail,linkedin.com/company/everythingbamboo,sunnybank,everythingbamboo,queensland,1-10,everythingbamboo.com.au
australia,2018,Yfw3Y12LpRuT8QGRPbLapAUbMn2l,retail,linkedin.com/company/getmappedaus,pakenham,get mapped,victoria,1-10,getmapped.com.au
australia,1996,4MkiRUcMlGtogFuRwlmuRAmWWomS,retail,linkedin.com/company/hallelujah-shoeworks,brisbane,hallelujah shoeworks,queensland,1-10,
australia,,BMzIfFdv6jTAuDKDPeChlAmrQ683,retail,linkedin.com/company/klub-retro,,klub retro,,1-10,klubretro.com
australia,,VPuHdosq9W376divkEQqHANm6an9,retail,linkedin.com/company/the-lucky-golfer,bakers creek,the lucky golfer,queensland,1-10,theluckygolfer.com.au
australia,,nKZtzBWl2UNDK12Wxl2QbAKO5Ssv,retail,linkedin.com/company/impulse-cycles,,impulse cycles,,1-10,impulsecycles.com.au
australia,2012,DfAOg7RghW9a3oDmKMDzDQHAPiX7,retail,linkedin.com/company/brothers-in-arms-inc-,langhorne creek,"brothers in arms, inc.",south australia,1-10,biawarrior.com
australia,,oOsKbpeHw8yV2cO9rme7PAGJT7EU,retail,linkedin.com/company/darrens-flowers,west melbourne,darrens flowers,victoria,1-10,darrensflowers.com.au
australia,2007,W1ng4zmPoqvVMvbb7Z986QdEAkte,retail,linkedin.com/company/viano-corporation,chiswick,viano corporation pty ltd,new south wales,1-10,vianotvs.com.au
australia,,RfZkpFFQyILO5BE0ObeSUAWkS6g0,retail,linkedin.com/company/cheeky-chicken,,cheeky chicken,,1-10,cheekychicken.com.au
australia,,i6hhlJatfpTVPHnaxpPz7wufXWkO,retail,linkedin.com/company/nicks-tile-clearance,osborne park,nicks tile clearance,western australia,1-10,nickstileclearance.com.au
australia,,7Hcc1vWoka0vKEdNMX6xBgQmZBII,retail,linkedin.com/company/david-owen-hairdressing,malvern,david owen hairdressing,south australia,1-10,davidowen.com.au
australia,2015,unRiHsAABujVGgTBmvPvNQfRYN9b,retail,linkedin.com/company/expedition-equipment-pty-ltd,roseville,expedition equipment pty ltd,new south wales,11-50,expeditionequipment.com.au
australia,,C0zVSE35rHxXRcIC9X9ZOwoCywgH,retail,linkedin.com/company/just-ride-nerang,nerang,just ride nerang,queensland,1-10,justridenerang.com.au
australia,,cDZePQ9X93SuhuBXAUhAcgNIK9wS,retail,linkedin.com/company/crystal-clear-spas,perth,crystal clear spas,western australia,1-10,crystalclearspa.com.au
australia,2014,bqZB5awd97AVPGoaHt3J0g7H2xHW,retail,linkedin.com/company/sunbury-ford,sunbury,sunbury ford,victoria,51-200,sunburyford.com.au
australia,,JYOb0yefRGXcHf03yDEelQ18HKh3,retail,linkedin.com/company/charles-darwin-university-bookshop,,charles darwin university bookshop,,1-10,
australia,,e4qK0r9xTw7AGa8SbfYSXwD813t8,retail,linkedin.com/company/canning-vale-soul-pattinson-chemist,canning vale,canning vale soul pattinson chemist,western australia,1-10,canningvalepharmacy.com.au
australia,,ZCWPIJrf1G4xnAyN997zhAS4UXof,retail,linkedin.com/company/ranger-outdoors,,ranger outdoors,,1-10,rangeroutdoors.com.au
australia,,TOjf6Tf25yBjpMQAwx3s1gWC79al,retail,linkedin.com/company/muscle-trailers,south windsor,muscle trailers,new south wales,1-10,muscletrailers.com.au
australia,2022,tylIXVQ390mrXdxVdB5nHAcpxELd,retail,linkedin.com/company/coastal-home-and-body,currumbin waters,coastal home and body,queensland,1-10,coastalhomeandbody.com.au
australia,2008,l0Bb21CNiNClOX3sWYncPgqxjdHG,retail,linkedin.com/company/brookfield-garden-centre,brookfield,brookfield gardens,new south wales,11-50,brookfieldgardens.com.au
australia,,QQ1VMYCxTNOJIyyN7XCBYQVm39ou,retail,linkedin.com/company/kids-central-&-elc,,kids central & elc,,51-200,
australia,,rihbjcGbSWvRlaTMMOg11gzSfGEV,retail,linkedin.com/company/mediconsul-rushworth-pharmacy,rushworth,mediconsul rushworth pharmacy,victoria,1-10,mediconsul.com.au
australia,,2TZ5ajV71BFNqsLIYMy5dQD5LWHp,retail,linkedin.com/company/book-lore,lyneham,book lore,australian capital territory,1-10,booklore.com.au
australia,,B6aK2uAP3642qp01IqkhHQBsLt2Z,retail,linkedin.com/company/sorrento-boutique,windsor,sorrento boutique,south australia,1-10,sorrentoboutique.com.au
australia,,CVG4ZSk01tBnMbsYaZkHKAPrNVQr,retail,linkedin.com/company/pressed-pantry-barossa,adelaide,pressed pantry barossa,south australia,1-10,pressedpantry.com.au
australia,1998,oSrFZI9ruL9awCJV2WYvEwzjbYPG,retail,linkedin.com/company/vet-products-direct,banyo,vet products direct,queensland,11-50,vetproductsdirect.com
australia,,c3JqoPNOe5TK4pqUIH448gerCWdV,retail,linkedin.com/company/manly-warringah-pest-control,manly,manly warringah pest control,queensland,1-10,manlywarringahpest.com.au
australia,,mdT3NCVkkp1IWnR164JtMgpYyQMa,retail,linkedin.com/company/unplugged-byron-bay,byron bay,unplugged byron bay,new south wales,1-10,unpluggedbyronbay.com.au
australia,,QxsKSJWYCxhvCemeuWDO0QghpCuW,retail,linkedin.com/company/clipper-motor-yachts,coomera,clipper motor yachts,queensland,1-10,clippermotoryachts.com
australia,,305b55uMjCgymCdDwRP9PgIDOIoH,retail,linkedin.com/company/tyrepower-beresfield,beresfield,tyrepower beresfield,new south wales,1-10,tyrepowerberesfield.com.au
australia,,EzGCGBg40othEqqDTY7VGATaaqMW,retail,linkedin.com/company/autosub-car-subscription-adelaide,adelaide,autosub car subscription adelaide,south australia,1-10,autosub.com.au
australia,,d5vfypzcXmvARRWc0xpu6AGu17Uv,retail,linkedin.com/company/mid-coast-mowers,taree,mid coast mowers,new south wales,1-10,
australia,,ZXJofm8OCTfbRP5fUjA0pwL8rWrY,retail,linkedin.com/company/wanneroo-cycle-city,wangara,wanneroo cycle city,south australia,1-10,wanneroocyclecity.com.au
australia,2018,xvCvygOtC6dIXhKYiaeJ5AZRA3kx,retail,linkedin.com/company/theonlysocks,melbourne,the only socks,victoria,1-10,onlytheonly.com
australia,,SKBCWlDVEtrHcYW14VeAUAxTPfUa,retail,linkedin.com/company/victoria-market-communications,melbourne,victoria market communications,victoria,1-10,vicmarketcommunications.com
australia,2018,zoZNJcdCf7wyP7ejqTDC2QS881mq,retail,linkedin.com/company/strands-of-silk,brisbane,strands of silk,queensland,1-10,strandsofsilk.com.au
australia,,Fl2J3d7O5ZJHX4w1iRBKvAERyHe2,retail,linkedin.com/company/greater-knox-pharmacy,boronia,greater knox pharmacy,victoria,1-10,greaterknoxpharmacy.com.au
australia,,zgSIqS3EbVGckaMycy1iCQL51yRY,retail,linkedin.com/company/black-label-storage-solutions,rockingham,black label storage solutions,western australia,1-10,blacklabelstorage.com.au
australia,,V6HPJpliqLF0tDRB2EEIdAOEMvIA,retail,linkedin.com/company/greg-grant-saddlery,aspley,greg grant saddlery,queensland,1-10,greggrantsaddlery.com.au
australia,,VZYRosG4rLhHmeytznNhigeDcw67,retail,linkedin.com/company/wisharts-pharmacy-brokers,kew east,wisharts pharmacy brokers,victoria,1-10,wisharts.com.au
australia,1973,BB9YaOnxlB3OQPy2aTpyxAOWLACY,retail,linkedin.com/company/morris-and-sons,sydney,morris and sons,new south wales,11-50,
australia,,B9vI6MrQcCvgVMClqC4WawwTPJSq,retail,linkedin.com/company/screens-for-bikes,reservoir,screens for bikes,victoria,1-10,screensforbikes.com
australia,,aprpzmbnrDnw3raKBsu7WAhTPenT,retail,linkedin.com/company/melbourne-carpet-solutions,melbourne,melbourne carpet solutions,victoria,1-10,melbournecarpetsolutions.com.au
australia,,wp3BM1bRHXBqqZqz7Br8BAB4IKfY,retail,linkedin.com/company/silver-lining-gifts,bullsbrook,silver lining gifts,western australia,1-10,silverlininggifts.com.au
australia,,nFAsRVnz3PrChjKMJdp5MwS6krMl,retail,linkedin.com/company/elegant-pools-and-spas,lockwood,elegant pools and spas,new south wales,1-10,elegantpoolsandspas.com.au
australia,,flbqFMxrpmx3LLhJmEiShw5LETqQ,retail,linkedin.com/company/kmart-tyre-&-auto,randwick,kmart tyre & auto,new south wales,1-10,
australia,,JAACtAmbVVg4YC8VMNdbAgp5IbBl,retail,linkedin.com/company/west-lakes-cards-&-gifts,west lakes,west lakes cards & gifts,south australia,1-10,
australia,,A87wm6AvCVfMjRZXPQv3PARRhiox,retail,linkedin.com/company/aussie-dollar-drop,docklands,aussie dollar drop,victoria,1-10,aussiedollardrop.com
australia,,KegOBjKAWiJ3tNGWDy4w6wX8NxmG,retail,linkedin.com/company/the-rose-cottage-florist-townsville,bushland beach,the rose cottage florist townsville,queensland,1-10,
australia,2021,J33rNAgei0IdglxB4mwdsgxtOy8P,retail,linkedin.com/company/keeping-the-spark,sydney,keeping the spark,new south wales,1-10,keepingthespark.com.au
australia,,eM6xDaFzwYCdArmtB7Txlwu8Ut4A,retail,linkedin.com/company/angelica's,cronulla,angelica's,new south wales,1-10,angelicas.com.au
australia,,jWrnWfM4ftSAoQFcHehZugvLi5jX,retail,linkedin.com/company/kiara-pharmacy,kiara,kiara pharmacy,western australia,1-10,kiarapharmacy.com.au
australia,,5snnofLPIu8gRSoL5X0eiAqAmQFj,retail,linkedin.com/company/lollyworld,brisbane,lollyworld,queensland,1-10,lollyworld.com.au
australia,,i4i1h3tzt7UYAPVYr9H7dwAfLIYf,retail,linkedin.com/company/all-seasons-turf,freemans reach,all seasons turf,new south wales,1-10,allseasonsturf.com.au
australia,,sbTwtHZfjD4JKBvHlknCqwCBzWbp,retail,linkedin.com/company/storehouse-homewares,,storehouse homewares,,1-10,storehouse.net.au
australia,2022,t3HVvfYNQraZnnty99CPJgnzAJfe,retail,linkedin.com/company/ivy-dayz,central coast,ivy dayz,new south wales,1-10,ivydayz.au
australia,2019,F64IL4CFRARrCrDlVujYig4AWs44,retail,linkedin.com/company/showroom-x,perth,showroom-x,western australia,11-50,showroom-x.com
australia,,R9BvuflNBSXcDuytoo1yJw7ACd2N,retail,linkedin.com/company/twistedsisters,rockhampton,twistedsisters,queensland,1-10,
australia,,nox9QfBBgXx41yHR141CKwvyxax6,retail,linkedin.com/company/i-seek-blinds,thomastown,i seek blinds,victoria,1-10,
australia,2018,jltJT4ICErKIjAsfCWaXaAWEJp7m,retail,linkedin.com/company/zopersonalised,sydney,zó personalised,new south wales,1-10,zopersonalised.com
australia,,7Sgkh5gLRtwCYtxKdihNtA72tFFr,retail,linkedin.com/company/obsidian-aquatics,melbourne,obsidian aquatics,victoria,1-10,obsidianaquatics.com.au
australia,2005,kmYyrNenYChjrHNQdnUMjARZqp9H,retail,linkedin.com/company/oz-trampolines,breakwater,oz trampolines,victoria,1-10,oztrampolines.com.au
australia,,AsuHVjjmvPstIllUpRzYtgoWKeKP,retail,linkedin.com/company/revmax-hobbies,coffs harbour,revmax hobbies,new south wales,1-10,revmaxhobbies.com.au
australia,,vrUIis79Ef8BkZKNUenGIQqscjM8,retail,linkedin.com/company/rosemary-florist,kings park,rosemary florist,south australia,1-10,rosemaryflorist.com
australia,2024,bfHCncqjM6SmtCSI3xMZaAEGDCWo,retail,linkedin.com/company/moonaura,sydney,moonaura,new south wales,1-10,moonaura.com.au
australia,2020,ApxVmpqrky3i8aTeC5HjHgwDMZjl,retail,linkedin.com/company/roomtomove,gisborne,room to move,victoria,1-10,roomtomove.com.au
australia,,CfZlvFC3H8ZtCfLthsCKnA1i5B0F,retail,linkedin.com/company/flextred-tyres-pty-ltd.,moss vale,flextred tyres pty ltd.,new south wales,1-10,flextred.com.au
australia,1989,JkP7qz8OAADpstznOamr3QMO5EzP,retail,linkedin.com/company/radmac-office-choice,ballarat,radmac office choice,victoria,11-50,radmacofficechoice.com.au
australia,,EgQBfFhjud0jD31H2AoF1A1zmkQR,retail,linkedin.com/company/the-fox-tan,melbourne,the fox tan,victoria,1-10,thefoxtan.com
australia,,vDqWrisTC7fCUFiZGKloxAqEpnvE,retail,linkedin.com/company/elite-window-tinting-townsville,pimlico,elite window tinting townsville,new south wales,1-10,elitewindowtintingtownsville.com
australia,,KqbCrfoa5c8eBi6HYTsmQQH4vqjU,retail,linkedin.com/company/ivanhoe-music,ivanhoe,ivanhoe music,new south wales,1-10,ivanhoemusic.com
australia,2017,KM87ZSKB4muEYkG6NsmTLQCO8gv7,retail,linkedin.com/company/prakash-menon---the-retail-expert,melbourne,retail acceleration & transitioning school ( rat ),victoria,1-10,
australia,,OAhAxGKL8EGWvRPKo47RsASWRxTv,retail,linkedin.com/company/eyecare-plus-kareela,kareela,eyecare plus kareela,new south wales,1-10,
australia,,NTzBoMolJj55NpIEfr5QfQ6ce8ES,retail,linkedin.com/company/canning-vale-toyota,canning vale,canning vale toyota,western australia,1-10,canningvaletoyota.com.au
australia,,pT725HfygYM2AkbluaB00AMxYZl8,retail,linkedin.com/company/merrell-australia,cremorne,merrell australia,victoria,501-1000,merrellaustralia.com.au
australia,,TNyNrkhbgn0LcQ5BFPnk0QuPqjhe,retail,linkedin.com/company/peach-tree-arts,mount helena,peach tree arts,western australia,1-10,
australia,,9Tzq8XTitHaoyOGQSthCcQJkikvn,retail,linkedin.com/company/global-compounding-pharmaceuticals,padstow,global compounding pharmaceuticals,new south wales,1-10,gcpharm.com.au
australia,1995,efugDEPAHZmO414ocFAOqAnfLKLr,retail,linkedin.com/company/drainchem,kunda park,drainchem,queensland,1-10,drainchem.com.au
australia,2011,6BdhjlBNxNoYpkVZyFM2ggRoSKEV,retail,linkedin.com/company/kuba-retail-partners,south yarra,kuba retail partners,victoria,1-10,kuba.com.au
australia,,B6vEfLVOI7CB5wd6lLaChgeGqLZF,retail,linkedin.com/company/eurostar-car-parts,arncliffe,eurostar car parts,new south wales,1-10,eurostarcarparts.com.au
australia,,d1uoWujzkqJvDxX2TP3CqApubD6w,retail,linkedin.com/company/transtate-tyres-and-suspension-services,greenway,transtate tyres and suspension services,australian capital territory,1-10,transtate.com.au
australia,,WchuO7gWXBrm2DK5vAeoCwnJSg5Q,retail,linkedin.com/company/impressions-lingerie-boutique,bundaberg,impressions lingerie boutique,queensland,1-10,bundyundies.com.au
australia,,AWiqf6gcFrgYh1CCK0p9Kg6XLfSw,retail,linkedin.com/company/rundle-mall-plaza,adelaide,rundle mall plaza,south australia,11-50,rundlemallplaza.com.au
australia,,Pgg5cPxKxBqgjdKI4am5cgmlCyo5,retail,linkedin.com/company/empire23,kiama,empire23,new south wales,1-10,empire23.com.au
australia,2011,mLpnRCFfUICiFlTxdNBauQ8TCg55,retail,linkedin.com/company/cashzone-australia,mount gambier,cashzone australia,south australia,1-10,cashzone.com.au
australia,,VqCBm4sMTTGiMwwBeAlsHwx1nBrI,retail,linkedin.com/company/cattywampus,melbourne,cattywampus,victoria,1-10,cattywampus.com.au
australia,,hlD5vKzZeu23GQvdL52gzwPwxGQ5,retail,linkedin.com/company/port-jarrah,fremantle,port jarrah,western australia,1-10,portjarrah.com.au
australia,2015,K3GCUI3WBbV1ne7c9M2IhQctoaBR,retail,linkedin.com/company/hana-intimates,prahran,hana intimates,victoria,1-10,hanaintimates.com
australia,,TwCXGl18IijxOmMxyOI0wQFQTk3I,retail,linkedin.com/company/wild-loganholme,brisbane,wild loganholme,queensland,1-10,
australia,2020,fRvTIWuPmBIGg4nF8Cp4owtWtMYi,retail,linkedin.com/company/fun-ability,sydney,fun ability,new south wales,1-10,
australia,,jNL3uQLLCj6YI95mgyjCbw8Q0V4I,retail,linkedin.com/company/spanos-iga,,spanos iga,,1-10,spanosiga.com.au
australia,2012,RjV0z3MzQBjbIkdmKpoGHgCSMP1Y,retail,linkedin.com/company/botanics-of-melbourne,prahran,botanics of melbourne,victoria,1-10,botanicsmelbourne.com.au
australia,,V9jmrhVEty3uMSF6veLgCA7H2NtK,retail,linkedin.com/company/jac-cadeaux,darling point,jac cadeaux,new south wales,1-10,jaccadeaux.com
australia,,EkjN5gVXBxVAoUCNXreezwu5sqIF,retail,linkedin.com/company/chatswood-chase-sydney,chatswood,chatswood chase sydney,new south wales,1-10,chatswoodchaseshopping.com.au
australia,,XOC1oKEFCzCeYVNyIoGYoA5lEoHO,retail,linkedin.com/company/maplestore,newtown,maplestore,victoria,1-10,maplestore.com.au
australia,2015,TmCBM6I4bb842yujp1KaDgYu7fpC,retail,linkedin.com/company/beach-life-australia,bondi beach,beach life australia,new south wales,1-10,beachlifeaustralia.com
australia,,s2C3iL0eOyev74JMenTlCguVCCIF,retail,linkedin.com/company/toowong-kia,milton,toowong kia,new south wales,1-10,toowongkia.com.au
australia,,DhC2h2fp9i8Grfmhg0RW2A1gYihr,retail,linkedin.com/company/eastcoaster-rv,capalaba,eastcoaster rv,queensland,1-10,eastcoasterrv.com.au
australia,,x7ICAFSiWAZMWDEoBloM7Ajtpco6,retail,linkedin.com/company/warner-garden-centre,warner,warner garden centre,queensland,1-10,warnergardencentre.com.au
australia,,vq1WfSMnEOoNtzQl2Ma1UAgKWhZk,retail,linkedin.com/company/tinty-auto-&-ag,tintinara,tinty auto & ag,south australia,1-10,tintyauto.com.au
australia,,1rlVz3WeXLZwtVaXjbNEqwcW1sy9,retail,linkedin.com/company/sky-garden-residences,glen waverley,sky garden residences,victoria,1-10,skygardenresidences.com.au
australia,2014,6L9O8Je5f5jt16gPfpjUoAxTot2S,retail,linkedin.com/company/pro-gamers,caroline springs,pro gamers and collectables,victoria,1-10,progamers.com.au
australia,2010,JbQoyCivCm1SbFdcHcL6YQhdBfB8,retail,linkedin.com/company/cannings-free-range-butchers,kew,cannings free range butchers,victoria,51-200,canningsfreerangebutchers.com.au
australia,,ODcBCzM6OOm4pMhTyhYaOwGQaPRC,retail,linkedin.com/company/battery-allsorts,belmont north,battery allsorts,new south wales,1-10,batteryallsorts.com.au
australia,,b20LBOjTsjOnCER6FFuFQAJiXVLS,retail,linkedin.com/company/adelaide-built-in-joinery,pooraka,adelaide built-in joinery,south australia,1-10,abj.com.au
australia,2012,eFkJo6C7BCOVAfkZIGC0yQilo3Jo,retail,linkedin.com/company/present-box,point cook,present box,victoria,1-10,presentbox.com.au
australia,2020,TZpIq3vJpyRt7U5XjUaPBQdLsRgU,retail,linkedin.com/company/aksa-home-decor,sydney,aksa home decor - 2023 local business hero award winner,new south wales,1-10,aksahomedecor.com
australia,2023,mscyYxkkTlBjMnawHC2FPwgMnkSh,retail,linkedin.com/company/zipcartofficial,melbourne,zipcart,victoria,1-10,zipcart.app
australia,1974,c4qCjlG2JFokgOmFzoWpKQttOfrk,retail,linkedin.com/company/gaz-man,malvern,gazman,victoria,201-500,gazman.com.au
australia,,kpgF9UfzDr7mVyulgiKeZgXvIaPz,retail,linkedin.com/company/norwest-phones,bella vista,norwest phones,new south wales,1-10,norwestphones.com.au
australia,1988,Kk1nLCrMEG6oXY0qgAUbtgAvTJhC,retail,linkedin.com/company/home-ice-cream,,home ice cream,,51-200,homeicecream.com
australia,,XyaHkhKASgT3fhLiKwavnQ92vck9,retail,linkedin.com/company/healthworth,peakhurst,healthworth,new south wales,1-10,healthworth.com.au
australia,,1I4HFdLe30OvIjym1LTo7gXqpREu,retail,linkedin.com/company/gidgee-baskets,cloncurry,gidgee baskets,queensland,1-10,gidgeebaskets.com.au
australia,,Z37qGEUK4qXkvu31fGR3fgzTXmvr,retail,linkedin.com/company/choice-tiles-&-plumbing,toronto,choice tiles & plumbing,new south wales,1-10,choicetiles.com.au
australia,,loC70swbmBVNFm5YgECUtAw4GoEQ,retail,linkedin.com/company/balnarring-motors,frankston,balnarring motors,victoria,1-10,balnarring-motors.business.site
australia,,CHAL8Pz34fZcXxz6LxIftQMzzcNM,retail,linkedin.com/company/caden-carbon-bike-wheels,rose bay,caden carbon bike wheels,tasmania,1-10,carbonbikewheels.com.au
australia,,tKZ9WMt2HB1dR6sihXCjOwCMHj1o,retail,linkedin.com/company/australia-gsm-world,moonee ponds,australia gsm world,victoria,1-10,australiagsmworld.com.au
australia,,lzhxxcR93cCMIEroszG5OA71IM2J,retail,linkedin.com/company/the-giggle-pot-gifts-&-decor,hampton park,the giggle pot gifts & decor,victoria,1-10,thegigglepot.com.au
australia,,UdyroXqkP8BbBr9BsnMAbwZI3rrC,retail,linkedin.com/company/footcare-shoes,launceston,footcare shoes,tasmania,1-10,footcareshoes.com.au
australia,,LUj4TV1V4kyU8PRMxauavQGLQXmD,retail,linkedin.com/company/seawolf-op-pty-ltd,burleigh heads,seawolf op pty ltd,queensland,1-10,
australia,,NwWtLKLEzY65HNok6qmjZADkzISC,retail,linkedin.com/company/htt-flooring,lidcombe,htt flooring,new south wales,1-10,httflooring.com.au
australia,,XytKyJNK2gaoRyGasV1upQrUzLl5,retail,linkedin.com/company/enhance-fuel-station-laurieton,camden haven,enhance fuel station laurieton,new south wales,1-10,fuelandtyreatenhancelaurieton.business.site
australia,,ugUqwxpQoNaDakHT0DXoZAxvzaaB,retail,linkedin.com/company/barry-maney-hyundai,mount gambier,barry maney hyundai,south australia,1-10,barrymaneyhyundai.com.au
australia,,yH5a2svVpjqzhG8neTo5iwQklRBU,retail,linkedin.com/company/suzy's-fine-jewellery,warragul,suzy's fine jewellery,victoria,1-10,suzysfinejewellery.com.au
australia,,MJWDxdchNQBIc0VBCNts1grOx6Nu,retail,linkedin.com/company/the-bansal-group,slacks creek,the bansal group,queensland,501-1000,thebansalgroup.com.au
australia,,Mpfx3xEiuhCXneBMxSUDOQqzvzEz,retail,linkedin.com/company/zinus-australia,brisbane,zinus australia,queensland,51-200,zinus.com.au
australia,,UdEwG9f5oC2F4eW5rFpnTQV4vXRU,retail,linkedin.com/company/wet-wicks,fremantle,wet wicks,western australia,1-10,wetwicks.com.au
australia,,adY6uHN4b2gOmycnRazeHw2vgXCo,retail,linkedin.com/company/gas-sports,albion,gas sports,victoria,1-10,gassportscars.com
australia,,fcmgJoGSpr9OcEf7HtCCVgiM68NK,retail,linkedin.com/company/quality-blinds,,quality blinds,,1-10,qualityblinds.com.au
australia,2018,WrmuzgNbOQpYSKuyGCWMAQ923JYg,retail,linkedin.com/company/kwiksnapp,sydney,kwiksnapp,new south wales,1-10,kwiksnap.com
australia,,doz4DzrfbunCREmGWi0zXQpD5hyJ,retail,linkedin.com/company/court-jester-fancy-dress,laverton north,court jester fancy dress,victoria,1-10,courtjesterfancydresshire.com.au
australia,,GMzzMIYJjQi28gUJ7mWe0ArjZelE,retail,linkedin.com/company/neo-gallery,fortitude valley,neo gallery,queensland,1-10,neogallery.net
australia,,gmF9FiWadU9rocxkGSls3wCZfBfe,retail,linkedin.com/company/access-fishing,dunsborough,access fishing,western australia,1-10,accessfishing.com.au
australia,,NZ7tVQsRBXsv6hH2XyfJHw0tGwU3,retail,linkedin.com/company/memorabilia-on-smith,fitzroy,memorabilia on smith,victoria,1-10,
australia,,5iXKpqaZnefieTqdT1BstAMld7oU,retail,linkedin.com/company/goulburn-toyota,goulburn,goulburn toyota,new south wales,1-10,goulburntoyota.com.au
australia,,0K7nXLMJPZ9Y2l0o5G4kvw93yZW3,retail,linkedin.com/company/nyora-general-store,nyora,nyora general store,victoria,1-10,nyora-general-store.business.site
australia,,ePP44O0CLmFoGpuh0dHFkglgjlFu,retail,linkedin.com/company/aquamail,port macquarie,aquamail,new south wales,1-10,aquamail.com.au
australia,,ZEataXJMyte1mX45N724yA2umB6a,retail,linkedin.com/company/bromac-engineering-supplies,wagga wagga,bromac engineering supplies,western australia,1-10,bromacengineeringsupplies.com.au
australia,,HaJQnyQOlBvRJuBy1UWpMwGT3gJV,retail,linkedin.com/company/gilbert-&-roach-isuzu-trucks,west gosford,gilbert & roach isuzu trucks,new south wales,1-10,gilbertandroachnewcastleisuzu.com.au
australia,2012,jBqpTgEjPobwc5LUCN6SPQAGvdvk,retail,linkedin.com/company/amh-auto-group,moruya,amh auto group,new south wales,51-200,amhautogroup.com.au
australia,2016,DYv7uSwWt19Pl9DCcfoW3wzdgkTs,retail,linkedin.com/company/diamondvaluer,sunshine north,diamond valuer,victoria,1-10,diamondvaluer.com
australia,2008,BYB1xLTIQbVgJqwFjrlB0AIIDiOw,retail,linkedin.com/company/basketball-jersey-world,cheltenham,basketball jersey world,victoria,11-50,basketballjerseyworld.com
australia,,njEso3avURaUKG2G2YHE4wZ18aG7,retail,linkedin.com/company/the-thomas-group-australia,melbourne,the thomas group,victoria,1-10,
australia,,jLVFYofXsb45kvs0XQxJWQTi58Hj,retail,linkedin.com/company/architrend,dingley village,architrend,victoria,1-10,architrend.com.au
australia,,DZ3jbdxXNYQcKXBZ5DMfZwg6a6yz,retail,linkedin.com/company/yes-office-furniture,melbourne,yes office furniture,victoria,1-10,yesoffice.com.au
australia,,A4QNS5zTIm1DLfNy4BbJCgftEj1c,retail,linkedin.com/company/tusk-homewares-&-gifts,north hobart,tusk homewares & gifts,tasmania,1-10,tuskhomewares.com.au
australia,,75XZnIWnjn3i85FD8ShjrwQjCg2x,retail,linkedin.com/company/surrender-dorothy-hair-salon,noosaville,surrender dorothy hair salon,queensland,1-10,surrenderdorothyhairsalon.com.au
australia,,E0Ixw8H1CvBrSFJODnYKjAucPgPB,retail,linkedin.com/company/mr-wheels-cairns,parramatta park,mr wheels cairns,queensland,1-10,mrwheels.com.au
australia,,e5ZJMOgqooZ6WZ6Sn3UiGArexCoi,retail,linkedin.com/company/ryde-hyundai,ryde,ryde hyundai,new south wales,51-200,rydehyundai.com.au
australia,,klpZ0faVd4ChanbMm4b2uQOeLHkF,retail,linkedin.com/company/carsino.com,port melbourne,carsino.com,victoria,1-10,carsino.com.au
australia,,CwPgY0roO4o3IeMimkLlfgOm0wi2,retail,linkedin.com/company/sunglasses-west,blackwood,sunglasses west,south australia,1-10,sunglasseswest.com.au
australia,2016,BCG92wqmJ9azxAGGGCppTgQwWRp1,retail,linkedin.com/company/pet-stays,ascot vale,pet stays directory,victoria,1-10,petstaysdirectory.com
australia,,t2B781Md3rpzOOSUGJzkwA4gKjOg,retail,linkedin.com/company/ted’s-cameras,oaklands park,ted’s cameras,south australia,1-10,
australia,,Qx5wKiQiJleL87p4tUcw9AKHai7d,retail,linkedin.com/company/used-cars-center,moorabbin,used cars center,victoria,1-10,ucctrade.com.au
australia,,DzbEdLIC3RT9yhbxJ3BBBAjNiK9B,retail,linkedin.com/company/daves-toys-for-big-boys-pty.-ltd.,wantirna,daves toys for big boys pty. ltd.,victoria,1-10,hyperionaustralia.com.au
australia,2009,cEQ0QQhP5RfIB9Pkk7iRlQUCgSj7,retail,linkedin.com/company/laguna-pest-control,noosaville,laguna pest control,queensland,1-10,lagunapestcontrol.com.au
australia,,pO7NkjohymDHmECl60UeoAO2Ds0b,retail,linkedin.com/company/jt-floors,gateshead,jt floors,new south wales,1-10,jtfloors.com.au
australia,,LHUSBL3rxlVHu2IkFiid2QSH8BAP,retail,linkedin.com/company/power-dc-pty-ltd,braeside,power dc pty ltd,victoria,1-10,powerdc.com.au
australia,2003,QxbtaGRdRKtPlMOHimegRwYz5VrN,retail,linkedin.com/company/personalised-pet-collars,berkeley vale,personalised pet collars,new south wales,1-10,
australia,,JmBipdsO8GlDBXfLg9WOSAcXuf7S,retail,linkedin.com/company/yatama-technology,belmore,yatama technology,new south wales,1-10,yatamatechnology.com.au
australia,,CXHpkNfhFlMKsYBJzAaR9ARB6sMj,retail,linkedin.com/company/heavenly-scent-flowers,byford,heavenly scent flowers,western australia,1-10,heavenlyscentflowersbyford.com.au
australia,2023,Qi1fojV4pssoOOCKKMNABgOh5vRr,retail,linkedin.com/company/mirrorworld,perth,mirror world,western australia,1-10,mirrorworld.au
australia,,SWb0gm3qA5OxBIrnoSONDwWoasSs,retail,linkedin.com/company/retail-help,melbourne,retail help,victoria,11-50,retailhelp.com.au
australia,2020,LEmmOBwPJ8saOYBCVhkwrQodffGn,retail,linkedin.com/company/two-birds-store,robina,two birds store,queensland,1-10,tinytrader.com.au
australia,,zzwX5BQQdnzU9G4iK5CCYwk6xJ73,retail,linkedin.com/company/bomaderry-health,bomaderry,bomaderry health,new south wales,1-10,
australia,,JOueEnsist1xebmwKtCOpQzmWWpA,retail,linkedin.com/company/asi-australian-surfboard-industries,salt ash,asi australian surfboard industries,new south wales,1-10,australiansurfboardindustries.com
australia,,eBPNLOuGbMU1B29XXANlGwvV8YeX,retail,linkedin.com/company/fenit-line,sydney,fenit line,new south wales,1-10,fenitline.com
australia,,VodVZz4pWYxawuKfFG3O4gNLtCtF,retail,linkedin.com/company/snow-dingo-pty-ltd.,woombye,snow dingo pty ltd.,queensland,1-10,snowdingo.com
australia,,m4HNBilENehmfnNxC8fh1g7sgymK,retail,linkedin.com/company/ruby-and-prankstar,fortitude valley,ruby and prankstar,queensland,1-10,rubyandprankstar.com
australia,,BXetH5LJbc218sp2aGqbTwKIIdKg,retail,linkedin.com/company/daylesford-community-op-shop,daylesford,daylesford community op shop,victoria,1-10,daylesford-community-op-shop.business.site
australia,,OGECPyQ5F8wTJXGKOgCrDgsZSRdj,retail,linkedin.com/company/bam-bam-vintage,,bam bam vintage,,1-10,vintage-clothing.net.au
australia,,Bv4qTJpQOlEpzc3wce1llwvlaEfe,retail,linkedin.com/company/taboo-fashion-agency,hervey bay,taboo fashion agency,queensland,1-10,tabooagency.com
australia,,cgol9qM4F2YsBrIvWDZ4WQUMOJr3,retail,linkedin.com/company/koko-amusement,burwood,koko amusement,victoria,1-10,kokoamusement.com.au
australia,2020,MBWoJBDw2qo6d6EUW9MlpwMUSd60,retail,linkedin.com/company/makia-the-baby-journal,gold coast,makia the baby journal,queensland,1-10,makiajournal.com
australia,,C2wVvLOOqJcIJ3V8gJEhdQVqBKRw,retail,linkedin.com/company/wayne’s-world---timber-&-building-supplies,botany,wayne’s world - timber & building supplies,new south wales,1-10,
australia,,aEDfjPHCQbM62tqcWHyiPQvWIAdP,retail,linkedin.com/company/model-cars-of-the-world,east victoria park,model cars of the world,western australia,1-10,modelcars.com.au
australia,,6LsJRi4VG6sory81k3DtTgfbETBf,retail,linkedin.com/company/nada’s-art-gallery,corlette,nada’s art gallery,new south wales,1-10,nada4art.com
australia,,w0xa4qMjYYBGoRA1ud8CKQFQaNWZ,retail,linkedin.com/company/3kcafe,clyde north,3k cafe pty ltd,victoria,1-10,
australia,,COdpOOsdgZL2Z9JDwiB7agJgZfQf,retail,linkedin.com/company/bad-workwear,airport west,bad workwear,victoria,1-10,badworkwear.com.au
australia,,rMl2UgDpi2eQ88HqiT48rgDAbYEb,retail,linkedin.com/company/creative-pumps,glandore,creative pumps,south australia,1-10,creativepumps.com.au
australia,,d9XIaKArROiKJ4pTRp14bgIzTcaz,retail,linkedin.com/company/archifire-fireplaces,richmond,archifire fireplaces,tasmania,1-10,archifire.com.au
australia,2016,kb0iwdBbZxSswCQYE8PflQNJb3gy,retail,linkedin.com/company/stylebundle,nunawading,style bundle,victoria,11-50,stylebundle.com.au
australia,,vQ6hRGjeuZKToSvsBCMMSwmb6d4D,retail,linkedin.com/company/cashback-club,east victoria park,cashback club,western australia,1-10,cashbackclub.com.au
australia,,Bf8HhNFd5BVqvBzd23lNUwyqHWDu,retail,linkedin.com/company/infochem-pharmacy,bankstown,infochem pharmacy,new south wales,1-10,infochem-pharmacy.business.site
australia,2007,rlDXVpQI5KZjHrTa2WrPxg7mT5Sk,retail,linkedin.com/company/baby-bunting-group-ltd,melbourne,baby bunting group ltd,victoria,501-1000,babybuntingcorporate.com.au
australia,2020,RNZ8Nmi4RU4CUmqgoO7niAzLQPP8,retail,linkedin.com/company/dinkum-australia,belair,dinkum australia,south australia,1-10,dinkumaus.com.au
australia,2008,ZsLJUkgaZEghBxsE9CZasgTMtGsu,retail,linkedin.com/company/lighting-warehouse,matraville,lighting warehouse,new south wales,1-10,lightingwh.net
australia,2016,o7o4NoDkDSNfONQUBE2fZAAxXOlv,retail,linkedin.com/company/rdm-national,,rdm national,western australia,1-10,rdmnational.com
australia,,1BMANkZsmxV1vnL81As39wVUAPQG,retail,linkedin.com/company/curtain-addiction,duncraig,curtain addiction,western australia,1-10,curtainaddiction.com.au
australia,,b1H30zT41LCj76JYCMiA3wuWlqlb,retail,linkedin.com/company/sunset-waters,macleay island,sunset waters,queensland,1-10,sunsetwaters.net
australia,,5rkEIIgJ926K9MICIHiLJgXSBcRg,retail,linkedin.com/company/thornton-hunting-&-outdoors,thornton,thornton hunting & outdoors,victoria,1-10,huntingandoutdoors.com.au
australia,2017,QvBolHCdrUqDeDASAW7kUgfQ5N0Z,retail,linkedin.com/company/veggie-adventures,razorback,veggie adventures,new south wales,1-10,veggieadventures.com.au
australia,,WcgrmuZbJb52GagbFr6itgJR1laP,retail,linkedin.com/company/globe-trekker,,globe trekker,,1-10,globetrekker.com.au
australia,,Pon3xV3XQkq1tZlNpFIRzgGhU21X,retail,linkedin.com/company/bay-bee-cino,double bay,bay bee cino,new south wales,1-10,baybeecino.com.au
australia,,vCpEWrId7hkbVqGq8YGUKQb17Zhp,retail,linkedin.com/company/evergreen-optical-carnegie,carnegie,evergreen optical carnegie,victoria,1-10,evergreenoptical.com.au
australia,,AtLSjQIifbOC7YF5Jq2MeQpqb4Yk,retail,linkedin.com/company/lumiere-equestrian,adelaide,lumiere equestrian,south australia,11-50,lumiereequestrian.com
australia,,JcwsPU8AODPVL74B3JwngglSPhQl,retail,linkedin.com/company/tony-carsburg,mullumbimby,tony carsburg,new south wales,1-10,tonycarsburgmotors.com.au
australia,,xAeqbMPn40IQiEzP2I5xGAzHNqUO,retail,linkedin.com/company/music-force,mandurah,music force,western australia,1-10,musicforce.com.au
australia,2018,gNlc1rY91Mknt8CO9dVMiAkXum1j,retail,linkedin.com/company/buyerwish,richlands,buyerwish,queensland,1-10,buyerwish.com.au
australia,,ASAbAaQlQn8RwkxJoDWVVQytOpMQ,retail,linkedin.com/company/quin-marine,port adelaide,quin marine,south australia,1-10,quinmarine.net.au
australia,,YcbJlECZ5OEX71Iw3rUv8AvpmFB3,retail,linkedin.com/company/perth-city-euro,victoria park,perth city euro,western australia,1-10,perthcityeuro.com.au
australia,,Tm4SSRUuZ0i0X0if9FPJHgbUHJWP,retail,linkedin.com/company/petals-network,armidale,petals network,new south wales,1-10,
australia,,V5QPEjkusmqhbZp3AZClFgdOvUOE,retail,linkedin.com/company/beerwine-online,moorabbin,beerwine online,victoria,1-10,beerwineonline.com.au
australia,,tCoUOuOEKastTz3uRPfJygAebAKn,retail,linkedin.com/company/metung-discount-pharmacy,metung,metung discount pharmacy,victoria,1-10,metung-discount-pharmacy.business.site
australia,,AMa2SORwjpRJnKl5q2QoRg6bnRKU,retail,linkedin.com/company/edge-suit-outlet,bundall,edge suit outlet,queensland,1-10,edgesuitoutlet.com.au
australia,,vbWA15MY8Xr77uwHPXDnYgzKqZF3,retail,linkedin.com/company/mu-shop,melbourne,mu shop,victoria,1-10,mushop.com.au
australia,,On71EBNWU5G0IqiqDdylogsrh7pm,retail,linkedin.com/company/vintage-traders-emporium,mansfield,vintage traders emporium,victoria,1-10,vintagetradersemporium.com.au
australia,,vVXqZNtUDFc4BJPSQMjubQH1UDbm,retail,linkedin.com/company/v6-conversions,moree,v6 conversions,new south wales,1-10,v6conversions.net.au
australia,2013,ctxP0SOkZhdk8VybvvbwtwUOz148,retail,linkedin.com/company/living-dream-kitchens,biggera waters,living dream kitchens,queensland,11-50,livingdreamkitchens.com
australia,,43gxBD2B2JABgUATrHlPOAIdudNM,retail,linkedin.com/company/tyre-centre-sutherland,kirrawee,tyre centre sutherland,new south wales,1-10,tyrecentresutherland.com.au
australia,,rp6ZHrtfdFHLS7dwuoBLWQ69TmY5,retail,linkedin.com/company/adelaide-newsagency,adelaide,adelaide newsagency,south australia,1-10,adelaidenewsagency.com.au
australia,,NAkwFLBxIrXlw3cnC7vztwmcoCa2,retail,linkedin.com/company/mars-performance,clayton south,mars performance,victoria,1-10,marsperformance.com.au
australia,2017,8dAqmJuR9h989tXzyTMxiQcQe1qZ,retail,linkedin.com/company/buymeshop.com.au,dandenong south,homeglow,victoria,11-50,homeglow.com.au
australia,,uDCIuQ9LwDgF9V1KeWJVSgNQ7Ebt,retail,linkedin.com/company/art-floral,,art floral,,1-10,artfloral.com.au
australia,,gTlqqvDUM9aCtQwodLCu5gwbpJ0k,retail,linkedin.com/company/ultra-shutters,traralgon,ultra shutters,victoria,1-10,ultrashutters.com.au
australia,,GcA2h3Bt6VeK4j5ew04yfgibzHBr,retail,linkedin.com/company/onyx-tyres-wholesale,sunshine west,onyx tyres wholesale,victoria,1-10,onyx-tyres-wholesale.business.site
australia,,orhogGtW2WH3d3gh8zBhBwad3xI4,retail,linkedin.com/company/new-international-bookshop,carlton,new international bookshop,tasmania,1-10,nibs.org.au
australia,,bSFHu8g2gFDZrSkz3SZm8ANCCT5Q,retail,linkedin.com/company/lockdown-liberated,,lockdown liberated,,1-10,lockdownliberated.com.au
australia,,dGt94Jkes9eMFBLp2ioAtA3WHlkg,retail,linkedin.com/company/xtreme-chemist-blacktown,blacktown,xtreme chemist blacktown,new south wales,1-10,xtremechemist.com.au
australia,,vzRyrvRLmc4949gTQpzcIQGzW94P,retail,linkedin.com/company/jewelry-marketing-solutions,gold coast,jewelry marketing solutions,queensland,1-10,jewelrymarketingsolutions.com
australia,,CxxFuBqXAYHhUZKP8LChtAEHuoiP,retail,linkedin.com/company/brisbane-auto-group,eagle farm,brisbane auto group,queensland,11-50,brisbaneautogroup.com.au
australia,,MfIyZQeuDYy0qH72TI2cGAfWAGtw,retail,linkedin.com/company/promo-shack,,promo shack,,1-10,promoshack.com.au
australia,,8gwKVz1z0BCBN7nn46rxmQ0lk2fe,retail,linkedin.com/company/camera-house---katoomba,katoomba,camera house - katoomba,new south wales,1-10,
australia,,tF9BrpG38KPRWpWyfdV2dwpFMx0i,retail,linkedin.com/company/oasis-outdoor-living,nedlands,oasis outdoor living,western australia,1-10,oasisoutdoorliving.com.au
australia,2004,kHzBf66MM8ZXkI709lEAVgkOti7V,retail,linkedin.com/company/metro-renault,windsor,metro renault,queensland,11-50,metrorenault.com.au
australia,,uGGTLuD0eBSCSviOgB5DZA0PW6x4,retail,linkedin.com/company/cardiff-select,cardiff,cardiff select,western australia,1-10,
australia,,vmZU9CXQgXm5wkVX8WSGZg6aWCWY,retail,linkedin.com/company/northside-marine---your-boating-partners-for-life,boondall,northside marine - your boating partners for life,queensland,1-10,
australia,,xLpf89V7PrvF68TU6Sj72QvBQrOR,retail,linkedin.com/company/all-organic-distribution,narrabeen,all organic distribution,new south wales,1-10,allorganicdistribution.com.au
australia,,GIViK4KiiubONyx9ZbXakQESkxix,retail,linkedin.com/company/exclusiv-kitchens-bayside,capalaba,exclusiv kitchens bayside,queensland,1-10,exclusivkitchens.com.au
australia,,imZRPpTcaqFnbaDYzo8ECgx5EfPp,retail,linkedin.com/company/border-trophies,yarrawonga,border trophies,victoria,1-10,bordertrophies.shop
australia,,mtWzSPjRY78DrQKuDngm8w57YrSU,retail,linkedin.com/company/my-school-gear,brendale,my school gear,queensland,1-10,myschoolgear.net.au
australia,,Jbq10zzuXrvpfzJM9IKtFAUGDkPa,retail,linkedin.com/company/door-works-garage-doors-sydney,moorebank,door works garage doors sydney,new south wales,1-10,
australia,,hs0Afu1a48xrDu9NnlT8YAzgQul0,retail,linkedin.com/company/niche-gifting,landsdale,niche gifting,western australia,1-10,nichegifting.com.au
australia,,2nspkwODgtwFvCABB5IBPQcBkwWm,retail,linkedin.com/company/motospares,boronia,motospares,victoria,1-10,motospares.com.au
australia,,pCQMphPpuPcTt1G2ZhhdMwworWpM,retail,linkedin.com/company/queensland-fishing-brokerage,south innisfail,queensland fishing brokerage,queensland,1-10,qfb.com.au
australia,,TNDCikCEECCf7Q3kq37cHgfl6K0T,retail,linkedin.com/company/brisbane-gold-company,brisbane,brisbane gold company,queensland,1-10,brisbanegoldcompany.com.au
australia,2001,SL1TwzMYh1KHFdEMxJEjPg9HY5PC,retail,linkedin.com/company/safely-home,figtree,safely home,new south wales,1-10,safelyhome.com.au
australia,,kfc4xBQ9wZeBDvRPeQ8Fdw7XA6nT,retail,linkedin.com/company/honey-kids,riverton,honey kids,western australia,1-10,
australia,,QYraMab5RHBiAJUMrNjAkg2hSskC,retail,linkedin.com/company/rugmart-sydney,caringbah,rugmart sydney,new south wales,1-10,rugmart.com.au
australia,,SHjyGQRc393WCNl73YBznAZfOia8,retail,linkedin.com/company/aussie-auto-parts-and-accessories,campbellfield,aussie auto parts and accessories,victoria,1-10,aussieautoparts.com.au
australia,,YgLrAXexGoJCxNWrU82ndA3zA84p,retail,linkedin.com/company/jandelle-uniforms,orange,jandelle uniforms,new south wales,1-10,jandelleuniforms.com.au
australia,,fSkNqMGBI6L7LNXZeyCvSg46UQoT,retail,linkedin.com/company/fashion-clubwear,canterbury,fashion clubwear,queensland,1-10,fcw.com.au
australia,,7v2a3f6Xz8J6s1Ric4N3pwAhEgDW,retail,linkedin.com/company/home-of-heraldry,upper coomera,home of heraldry,queensland,1-10,homeofheraldry.com.au
australia,,pebF6BH1vrdyQUD1MnCdBAqVebTZ,retail,linkedin.com/company/toowoomba-kia,toowoomba,toowoomba kia,queensland,1-10,toowoombakia.com.au
australia,,csdA7ifQhRxVGvQCbZyTvAEoVLme,retail,linkedin.com/company/k&m-furniture-mart,mount martin,k&m furniture mart,queensland,1-10,kmfurnituremart.com.au
australia,,ipXCuahYMuVWS0t6qBmBNQ5JL3FN,retail,linkedin.com/company/gigliola-boutique,,gigliola boutique,,1-10,gigliola.com.au
australia,,eBuEpFkOKrgcc8D3v3weJgFhqrsb,retail,linkedin.com/company/ahiida-pty,chester hill,ahiida pty,new south wales,1-10,ahiida.com
australia,2018,oN6e8D4bVMjnnDNgHFD5zwuKS26W,retail,linkedin.com/company/tapmedia-nfc,melbourne,tap media,victoria,1-10,tapmedia.com.au
australia,2002,sURMV6ak7OqJtrnmkJybiQV6wiOD,retail,linkedin.com/company/premium-results-pty-ltd,buderim,premium results pty ltd,queensland,1-10,achievepremiumresults.com
australia,,49lBqrCzrCbCUvPWd8ooaA9TufIB,retail,linkedin.com/company/empress-melbourne,middle park,empress melbourne,queensland,1-10,empressmelbourne.com.au
australia,,xdPVHrb6rfChzlNuTkH5tQBolgmv,retail,linkedin.com/company/blossoms-garden,broadford,blossoms garden,victoria,1-10,broadfordblossoms.wix.com
australia,2021,6QfDwhDDYNecUfeG81S9pQVNneC6,retail,linkedin.com/company/dustys-bulk-foods-pty-ltd,torquay,dustys bulk foods pty ltd,victoria,1-10,dustysbulkfoods.com
australia,2011,cySaQYHjbBHjDDTdJIK1sQf9Nbd6,retail,linkedin.com/company/sproutwell-greenhouses,breakwater,sproutwell greenhouses,victoria,11-50,sproutwellgreenhouses.com.au
australia,,aJzuBBKYEzFUqEv1GClJqQkjPlyT,retail,linkedin.com/company/bruug,newcastle,bruug,new south wales,1-10,bruug.com.au
australia,,BFo4c39qpkGhyRi7G4p3JQ6uR1is,retail,linkedin.com/company/good-earth-soil,brooklyn,good earth soil,new south wales,1-10,goodearthsoil.com.au
australia,2011,OEOIYJ9Kl4uNZ9Q3wEOZ6grfxu1Y,retail,linkedin.com/company/antspants-gifts,warrnambool,antspants gifts,victoria,1-10,antspants.com
australia,,t3MJ3qxCpvj1fFazODctjAYkIgGl,retail,linkedin.com/company/goldmans-petland,cessnock,goldmans petland,new south wales,1-10,goldmans.com.au
australia,,0QmfXfxDFsIMWuw6KK5cWQuMov4c,retail,linkedin.com/company/pierhouse-asia-pacific,,pierhouse asia pacific,,11-50,pierhouse.com.au
australia,,jKOZu1Qa0PFU3gnLPkI0wQJHpbii,retail,linkedin.com/company/cosderm---cosmeceutical-&-skin-therapy,mooloolaba,cosderm - cosmeceutical & skin therapy,queensland,1-10,cosderm.com.au
australia,,XKcaxUaWwA3CuXHECtnhUwe5ydXX,retail,linkedin.com/company/nature's-emporium,northmead,nature's emporium,new south wales,1-10,naturesemporiumhairbeauty.com
australia,2015,QOe38lkWQraCnkXdXUwtIARADfDx,retail,linkedin.com/company/active-eating,malaga,active eating,western australia,1-10,activeeating.com.au
australia,,MBf784HvKJyVODuYpauVWwfWGv26,retail,linkedin.com/company/ingenuity-computer-systems,gordon,ingenuity computer systems,victoria,1-10,ingenuitycomputersystems.business.site
australia,,EadoCAsCHPfVESXPJYQmiwswNbzg,retail,linkedin.com/company/giant-wollongong,wollongong,giant wollongong,new south wales,1-10,giantwollongong.com.au
australia,,zYvodHM4k1VwJerC6ug9Rg992qyI,retail,linkedin.com/company/warwick-farm-nsw,warwick farm,warwick farm nsw,new south wales,1-10,warwickfarmfcadealer.com.au
australia,,PQwvGC8DGoxUhkEQO9YyrQ0ana4i,retail,linkedin.com/company/poppies-for-grace,hawthorn,poppies for grace,south australia,1-10,poppiesforgrace.com
australia,,BFENbTHorMxH7WGp2yOiuAjb41pm,retail,linkedin.com/company/coastal-life-surf,busselton,coastal life surf,western australia,1-10,coastallifesurfsupply.com.au
australia,,snWZC9xAXv8b4ebvuHb2zgiIll4j,retail,linkedin.com/company/zappala-raw-materials,overland corner,zappala raw materials,south australia,1-10,zappalarawmaterials.com.au
australia,,9nEdHCG2tBoyrHNmMgOtUwNRD7U3,retail,linkedin.com/company/gorilla-offroad,penrith,gorilla offroad,new south wales,1-10,gorillaoffroad.com.au
australia,,LqQCWDEMqW2OCsZauOIe5ANHkH2e,retail,linkedin.com/company/capital-rehabilitation-supplies,mitchell,capital rehabilitation supplies,queensland,1-10,capitalrehabilitationsupplies.com.au
australia,2017,sNvnAyDFCBX8JyFykdIkdgpwc8FZ,retail,linkedin.com/company/wisechoice-deals,melbourne,wisechoice deals,victoria,11-50,wisechoicedeals.com
australia,,yI40jewogCR50r5RSzedbQIClFLT,retail,linkedin.com/company/grandma-&-me,booragoon,grandma & me,western australia,1-10,grandmaandme.com.au
australia,,lJrWDT5mOoPLYtddvoPISAsv8qwl,retail,linkedin.com/company/for-ever-bouquets-florist,oberon,for ever bouquets florist,new south wales,1-10,oberonflowerdelivery.com.au
australia,,vMFOsGIwkY2CpT7m8XUOywMjJGom,retail,linkedin.com/company/frankston-mazda,seaford,frankston mazda,south australia,51-200,frankstonmazda.com.au
australia,,CAkhJvALHv0bogLYsrBoLwACi2Pv,retail,linkedin.com/company/mark’s-landscape-supplies,bargo,mark’s landscape supplies,new south wales,1-10,markslandscape.com.au
australia,,KtVehwI8c9mTfBNi3sCURw1qpwA9,retail,linkedin.com/company/cfi-commercial-fitouts-&-interiors-pty-ltd.,north plympton,cfi commercial fitouts & interiors pty ltd.,south australia,1-10,cficomp.com.au
australia,,2Yfk2vK9SHsrEozJrTaf8wUUzYJS,retail,linkedin.com/company/camping-kayaks-4x4,albany,camping kayaks 4x4,western australia,1-10,campingkayaks4x4.com.au
australia,,jalDvnmb9Ne9sCP4BFKXSAg7K9AW,retail,linkedin.com/company/dpm-cumputers-blaxland,,dpm cumputers blaxland,,1-10,dpmcomputers.com.au
australia,,hCmSq92mwowTYQc098nE9gnItIxI,retail,linkedin.com/company/carter-truck-hire,cannonvale,carter truck hire,queensland,1-10,cartertruckhire.com
australia,,Q6IBoD2qyr7etNHqZ16ybw0PXOq0,retail,linkedin.com/company/maryvale-lavender-farm,,maryvale lavender farm,,1-10,maryvalelavender.com.au
australia,,ASE8VCqjvAlQarl1BXhIKA4VRrNh,retail,linkedin.com/company/bloomers-flower-house,,bloomers flower house,,1-10,floristmurraybridge.com
australia,,4w1FHskTnvIQNfcabdC2gA3T1o4C,retail,linkedin.com/company/bolt-pro,varsity lakes,bolt pro,queensland,1-10,gcboltpro.com.au
australia,,cbq0VU9iWw0AYK5DtiTvfQ3j4vX7,retail,linkedin.com/company/news-whitsundays,cannonvale,news whitsundays,queensland,1-10,newswhitsunday.com.au
australia,,CKMW2MI4Rc08WzKDnsgCXgyCCliB,retail,linkedin.com/company/kia-flower-studio,rhodes,kia flower studio,new south wales,1-10,kiaflowerstudio.com.au
australia,,B2nUB4baleuh1eoOpSjA7w6TXxsh,retail,linkedin.com/company/starball-limited,lower boro,starball limited,new south wales,1-10,
australia,2021,yaUPJttadEzKNULs4nsK9AzOdqxR,retail,linkedin.com/company/winnie-newburn-s-monat,sydney,winnie newburn's network,new south wales,1-10,
australia,,YPyPYN3woGjyc5tNa3GLqwSwbHD5,retail,linkedin.com/company/shieldfit,brisbane,shieldfit,queensland,1-10,shieldfit.com.au
australia,,2RCqZPS7urER0wAPNE5kgQgP0cRy,retail,linkedin.com/company/birrong-pharmacy,birrong,birrong pharmacy,new south wales,1-10,birrongpharmacy.com.au
australia,,Rm9CHdUrj0CjRgCeQZSx0we97y8t,retail,linkedin.com/company/heritage-lane-furniture,crows nest,heritage lane furniture,queensland,1-10,heritagelane.com.au
australia,2023,YqAT5lBNPfjUxCBGknUrCA75pi2E,retail,linkedin.com/company/nozey,regents park,nozey,new south wales,1-10,nozey.com.au
australia,,KMj55zHh3CRCLYqG0yQgBAdPAktH,retail,linkedin.com/company/cloud-9-specialist-cars,coolum beach,cloud 9 specialist cars,queensland,1-10,cloud9cars.com.au
australia,,hDs19LpVTFGEcbUvWw5FBgO7y6vn,retail,linkedin.com/company/golden-casket-jewellery-&-gifts,melbourne,golden casket jewellery & gifts,victoria,1-10,
australia,,RxL54dlqglOFoDh3MrQ3SQy4neBP,retail,linkedin.com/company/port-kennedy-tyrepower,port kennedy,port kennedy tyrepower,western australia,1-10,tyrepowerportkennedy.com.au
australia,,Rnq4rJgBE2YQ7doFteBcEAGqT9Lp,retail,linkedin.com/company/cardiff-motor-group,cardiff,cardiff motor group,new south wales,201-500,cardiffmotorgroup.com.au
australia,2009,xyasyxvmBhzgZzwqkn7IuQc6TNiD,retail,linkedin.com/company/inferno-sports,rockhampton,inferno sports,queensland,1-10,infernosports.com.au
australia,,7COhQ1tiCf6l25gonYMcRwpc2qn9,retail,linkedin.com/company/fiona-stanley-news,murdoch,fiona stanley news,western australia,1-10,
australia,,vioIySAH5v0TJxRkAvkwBARKaz09,retail,linkedin.com/company/williamson-classic-clothing,essendon,williamson classic clothing,victoria,1-10,williamson-classic-clothing.business.site
australia,1972,BHel46UjDisyCw3NhQZsBQq4yq31,retail,linkedin.com/company/mercatoadl,adelaide,mercato,south australia,51-200,mercato.com.au
australia,2003,5kBnu4RNpwyuaqgaFoZoUwGieqjx,retail,linkedin.com/company/leatherwood-books,,leatherwood books,,1-10,leatherwoodbooks.com.au
australia,,QDh4TTufIv8X7gau6sU7PgN4x6X1,retail,linkedin.com/company/great-southern-community-chemist,katanning,great southern community chemist,western australia,1-10,katanningpharmacy.com.au
australia,,QKE6UljaIBWVb6uy8EBtGQRg9HOu,retail,linkedin.com/company/mega-motorcycles,bundaberg,mega motorcycles,queensland,1-10,megamotorcycles.bikepoint.ninemsn.com.au
australia,,3mYSXfv3lpmCc1j1hs4WLw6S0mGQ,retail,linkedin.com/company/commercial-and-trade-specialists,minchinbury,commercial and trade specialists,new south wales,1-10,commercialandtrade.com.au
australia,2019,5FOqG2YadvRWBxsCA9BZDwzfMs7d,retail,linkedin.com/company/hkd-pty-ltd,clayton,hkd pty ltd,victoria,1-10,hkdvision.com.au
australia,2007,ugWeRl5cJPH9HxBBdGXevwyVxRvH,retail,linkedin.com/company/thirstycamelbottleshops,east victoria park,thirsty camel bottleshops,western australia,11-50,thirstycamel.com.au
australia,2012,hrIfSjjhRod2SjyjAR5yegcPqNMw,retail,linkedin.com/company/beloved-scents,bomaderry,beloved scents,new south wales,1-10,belovedscents.com.au
australia,,E4Sbyl5Cu2zxcqJGCmgLxgDWYClA,retail,linkedin.com/company/acland-street,st kilda,acland street,victoria,1-10,
australia,,047qBVmBrAwd8RJRGKznzQwj54sG,retail,linkedin.com/company/treloar-roses,,treloar roses,,1-10,treloar-roses.com.au
australia,,OOyOKmNjZCXVpecV0npsMg7iBD4y,retail,linkedin.com/company/central-highlands-auto,springsure,central highlands auto,queensland,1-10,centralhighlandsauto.com.au
australia,,CwAG7ItQ7fnXrTPFazQoJAT8Dq1A,retail,linkedin.com/company/abracadabra-fancy,frankston,abracadabra fancy,victoria,1-10,abracadabrafancydress.com.au
australia,2020,b15jvIxkeqFggnLAf65AYA4KndXP,retail,linkedin.com/company/sunni-scenes,pakenham,sunni scenes,victoria,1-10,sunniscenes.com
australia,2009,PQGv85w0q3eE5wANA99CnAFV68xl,retail,linkedin.com/company/floral-instinct,bilgola plateau,floral instinct,new south wales,1-10,
australia,,MdSM0jGADdEX01B8xUF6SAts2Q3V,retail,linkedin.com/company/artistry.garden,sydney,artistry.garden,new south wales,1-10,artistrygarden.com
australia,,MtvsxpMOgHcTCAf57otELgbVibOl,retail,linkedin.com/company/dj-mazda,hobart,dj mazda,tasmania,1-10,
australia,,dpbhZEPBz9yKFmr1oxAFvQIqIhl8,retail,linkedin.com/company/deluca-tailors,adelaide,deluca tailors,south australia,1-10,delucatailors.com
australia,2010,5PxHCuDynTIT8NZxuQwjCgLAqcO7,retail,linkedin.com/company/shortstory,melbourne,short story,victoria,11-50,shortstory.com.au
australia,2019,gj13eL9CbxBjIX7f5ccpNgcTbdgr,retail,linkedin.com/company/open-hands-creative,perth,open hands creative,western australia,1-10,openhandscreative.com
australia,,w1Uj3NYPSmnau7tRF0dxSgWndxNL,retail,linkedin.com/company/northcote-bottleshop,northcote,northcote bottleshop,victoria,1-10,northcotebottleshop.com
australia,,ZFspkXvaigs2NWyp3sLe6gExX90b,retail,linkedin.com/company/qa-trade-centre,malaga,qa trade centre,western australia,1-10,qatradecentre.com.au
australia,,GkXCDevHIMhGa9Pjdjl6cw7E2MxB,retail,linkedin.com/company/ltr-commercial-furniture,tullamarine,ltr commercial furniture,victoria,1-10,ltrcommercial.com.au
australia,,00jqd9ebtYBwidbzt94TMQAbnjK4,retail,linkedin.com/company/ozsunshadesystems,caringbah,ozsun shade systems,new south wales,1-10,ozsun.com.au
australia,,aKtVNNI0B15sKGn5TKfr5gpJinCY,retail,linkedin.com/company/perth-novelty-company,burswood,perth novelty company,western australia,1-10,perthnovelty.com.au
australia,,uZHQSxBoP29GXN67AkV2VAm4TaYe,retail,linkedin.com/company/paul-arnold-bush-photos,darwin,paul arnold bush photos,northern territory,1-10,
australia,,rt1KDLiRVHIqDE5HBfVpNANgag5t,retail,linkedin.com/company/suffolk-sports,lismore,suffolk sports,new south wales,1-10,suffolksports.com.au
australia,,HsijDIefK3BDTpt5buNMRQrAzhkR,retail,linkedin.com/company/time-booksellers,somerville,time booksellers,western australia,1-10,timebooksellers.com.au
australia,,6aGlgJVXX386mq7lQ7Dmfg4Fa8vl,retail,linkedin.com/company/lupo-bianco-custom-tailoring,sydney,lupo bianco custom tailoring,new south wales,1-10,lupobiancosuits.com.au
australia,,4M6d9hHvOcUiZN4uqtWclQADpfmG,retail,linkedin.com/company/hg-turf,alexandra,hg turf,victoria,1-10,hgturf.com.au
australia,2021,T2wBMXFBcpNSLUMzjB79VgjU8Rb6,retail,linkedin.com/company/safety-padlocks-pty-ltd,maitland,safety padlocks pty ltd,south australia,1-10,safetypadlocks.com.au
australia,,kLx4hBxfyCjgBUGN1p3Mtg4dmG95,retail,linkedin.com/company/all-things-safety-wear,briar hill,all things safety wear,victoria,1-10,allthingssafetywear.com
australia,,keIRKuLPSrZanGMGV7sO0QzvSFay,retail,linkedin.com/company/crystal-ball-bookstore,cairns,crystal ball bookstore,queensland,1-10,crystalball.com.au
australia,2018,DOg5AbtQfxXeRDBp0OxOMQKb6gHY,retail,linkedin.com/company/sacrebleu-australia,freshwater,sacrebleu ! canelés & co,new south wales,1-10,sacrebleu.com.au
australia,,Dr9ZoUewARenOah9kqZSuAlL6lmt,retail,linkedin.com/company/trinity-rose-creations,newtown,trinity rose creations,victoria,1-10,trinityrosecreations.com.au
australia,,cgGnZtkQPPfFgS40khzNfwxBDXWu,retail,linkedin.com/company/home-and-gift-warehouse,taren point,home and gift warehouse,new south wales,1-10,homeandgiftwarehouse.com.au
australia,,5cqBQuOMuRAiYLCyappkvwtqHcj3,retail,linkedin.com/company/k-gas---lpg-cylinder-delivery,colac east,k gas - lpg cylinder delivery,victoria,1-10,mylpg.com.au
australia,,qDbqiLRPDQrfpIcq3vRIEwphK8Pu,retail,linkedin.com/company/the-grand-hotel-thursday-island,thursday island,the grand hotel thursday island,queensland,1-10,grandhotelti.com.au
australia,,RCPCVrQOf5HcmvBBHYKLKAt59aP7,retail,linkedin.com/company/bay-discount-fabrics,batemans bay,bay discount fabrics,new south wales,1-10,baydiscountfabrics.com.au
australia,,E5Nu1ZdPUfZLppWpavEjcAc4qeYt,retail,linkedin.com/company/la-petite-conserve,elwood,la petite conserve,victoria,1-10,lapetiteconserve.com
australia,,o0ecLSgTOidCc9hCOloZyQOJccep,retail,linkedin.com/company/aqua-kids-swim,smithfield,aqua kids swim,south australia,1-10,aquakidsswimschool.com.au
australia,1960,vyNVwmCXWGNlTQL4BV2tcAaFwWGl,retail,linkedin.com/company/westpest-pest-control,kenwick,westpest pest control,western australia,1-10,westpest.com.au
australia,2002,XjW6Enk7vkY50IbCwCKAAQFftzTz,retail,linkedin.com/company/city-provision,perth,city provisions,western australia,11-50,cityprovisions.com.au
australia,,iZjQJzYcyTBz2i9C1gbB7gKT5iF6,retail,linkedin.com/company/tynan-subaru-sutherland,sutherland,tynan subaru sutherland,victoria,1-10,tynansubarusutherland.com.au
australia,,f7SBVNULItd2BKwPAiCf6gwEGFiQ,retail,linkedin.com/company/wandin-florist,wandin north,wandin florist,victoria,1-10,wandinflorists.com.au
australia,,uJ3gCnISuacMaYdDkiiQCgA4DTp2,retail,linkedin.com/company/bike-culture,o'connor,bike culture,australian capital territory,1-10,bikeculture.com.au
australia,2023,bfWKQCJ075GzhbMjsk8LoQf2jgyN,retail,linkedin.com/company/bears-with-grace,reedy creek,bears with grace,queensland,1-10,bearswithgrace.com.au
australia,,alOCQuCUHVHyCuPYZsXlQAif0dfR,retail,linkedin.com/company/watergardens-florist,melton,watergardens florist,victoria,1-10,watergardensflorist.com.au
australia,,P7JXZkXupbIrSgTLLhl8WQol0rvB,retail,linkedin.com/company/bradford-potter,tomerong,bradford potter,new south wales,1-10,bradfordpotter.com
australia,,OuMk05WmSzoDqSOvBpz9yg9RqYgd,retail,linkedin.com/company/cloud-pantry,adelaide,cloud pantry,south australia,1-10,cloudpantry.com.au
australia,,5dKFVQnqRRkUwJuWkV5wzwBswX2p,retail,linkedin.com/company/byron-baby-shop,byron bay,byron baby shop,new south wales,1-10,byronbabyshop.com.au
australia,,BQ0x8SC8zpXgB7TBSByzBQ2a1SNt,retail,linkedin.com/company/atlas-handbag-co,cheltenham,atlas handbag co,south australia,1-10,atlashandbagco.com.au
australia,,mRazbBBeGzFF0ZkWxuZ9hgDk5EfP,retail,linkedin.com/company/rhino-leather,,rhino leather,,1-10,rhinoleather.com.au
australia,,MUUSspC4ExJi2CCwY5eB9guPANE2,retail,linkedin.com/company/kisjn,,kisjn,,1-10,kisjn.com
australia,,4JzunSQ14e4MBCG8lgpK7wxNVCfQ,retail,linkedin.com/company/yamaha-world,melrose park,yamaha world,south australia,11-50,ywre.com.au
australia,,BXG5ntFKSSW0sbvdLK7uBgHedhC3,retail,linkedin.com/company/diamond-nail-supplies,lansvale,diamond nail supplies,new south wales,1-10,diamondnailsupplies.com.au
australia,,dhWNtxA6DoRor9d3AxncmwULcBre,retail,linkedin.com/company/newcastle-mg,bennetts green,newcastle mg,new south wales,1-10,newcastlemg.com.au
australia,2011,hU8HfAzxE2qncUytAFgIRwaM8DVZ,retail,linkedin.com/company/whsmith-australia,woolloomooloo,whsmith australia,new south wales,501-1000,whsmith.com.au
australia,,5VCQ6QNZISjYuSzfMxmD6Qg9UtI0,retail,linkedin.com/company/uv4x4,brendale,uv4x4,queensland,1-10,uv4x4.com.au
australia,2001,yDwmxoN9bImRtQkh61aXnACsHRb2,retail,linkedin.com/company/parlour-x,paddington,parlour x,western australia,11-50,parlourx.com
australia,2013,W6UgxoNNgS13XppoSMzgfQzdv5e4,retail,linkedin.com/company/ettitude-inc,melbourne,ettitude inc.,victoria,1-10,
australia,,zOiDIQiSFyJMUJOmqZEVcwr10WL5,retail,linkedin.com/company/isuzu-motorsports,rockingham,isuzu motorsports,western australia,1-10,isuzumotorsports.com.au
australia,2013,rfDHxdEM4o6HAL9wZRFxYANhv2rc,retail,linkedin.com/company/buying-intel,melbourne,buying intelligence global pty ltd,victoria,11-50,buyingintelligence.net
australia,,XaQQBdKBBBarDmmUbgMNDQzpcX0v,retail,linkedin.com/company/bowral-tyrepower,bowral,bowral tyrepower,new south wales,1-10,bowraltyrepower.com.au
australia,1962,U0pftWH6MVmjuPgOEK1RcgQqDkzf,retail,linkedin.com/company/todds-hi-fi,brisbane,todds hi fi,queensland,11-50,todds.com.au
australia,,SRksvg8QGxGwuahgzLz2zwUvjOQ5,retail,linkedin.com/company/boydita-flowers-delivered---fountain-plaza,erina,boydita flowers delivered - fountain plaza,new south wales,1-10,
australia,,2VR4Uy0IMFDEBapVxCm8ogjFEgg4,retail,linkedin.com/company/aussie-direct-outlet,glen waverley,aussie direct outlet,victoria,1-10,aussiedirectoutlet.business.site
australia,1989,VizdKBnwNJrmvCWMpILG2Q2KHwWC,retail,linkedin.com/company/old-richmond-cellars,richmond,old richmond cellars,victoria,1-10,oldrichmondcellars.com
australia,,CusEsyM4gCY2K6XE9z284A6mW1mO,retail,linkedin.com/company/atelier-bathrooms,kingsgrove,atelier bathrooms,new south wales,1-10,atelierbathrooms.com.au
australia,,8B0jCCRU2GPZC99y4ePnjQmQocul,retail,linkedin.com/company/pooraka-sand,pooraka,pooraka sand,south australia,1-10,poorakasand.com.au
australia,2015,5NGyLPkVlP1t49CI3o42XQv9bWlY,retail,linkedin.com/company/dress-for-a-night,north sydney,dress for a night,new south wales,1-10,dressforanight.com.au
australia,,B4dyl4d59Y8uiugCp1ritQSu7giS,retail,linkedin.com/company/scubacom,,scubacom,,1-10,scubacom.com.au
australia,1999,uEdEmkegVEmtG01kaswZ1w5YeL8Y,retail,linkedin.com/company/mobileciti-pty-ltd,lidcombe,mobileciti,new south wales,11-50,mobileciti.com.au
australia,,NBsCMRAqQbg3bqcsgT2HnApvMMn0,retail,linkedin.com/company/budget-quality-cars,warwick,budget quality cars,western australia,1-10,budgetqualitycars.com.au
australia,,xvBdC0jPqBOGKa1IwbAF4wDjZnwK,retail,linkedin.com/company/happy-raven,st lucia,happy raven,queensland,1-10,
australia,,kens6gKKOnCtWcxtrFbZ1ABbHYYG,retail,linkedin.com/company/snake-racing,carlton,snake racing,tasmania,1-10,snakeracing.com.au
australia,,qQ3Ni48AxJwjet1fuoZtogcgNEim,retail,linkedin.com/company/6ixty-design,fyshwick,6ixty design,australian capital territory,1-10,6ixty.com.au
australia,2017,o5AAn5oO8dsGOzRqTGeHpwYs5vOF,retail,linkedin.com/company/billabong-spas,edgecliff,billabong spas,new south wales,1-10,billabongspas.com.au
australia,,mLfKp9O1cqmOLSi7KAZHFgJ2qTew,retail,linkedin.com/company/garden-city-tyre-plus,toowoomba,garden city tyre plus,queensland,1-10,gardencitytyreplus.com
australia,,0sK96DfK8xaBgKPeVADJjw0LztVX,retail,linkedin.com/company/no-vacancy-gallery,melbourne,no vacancy gallery,victoria,1-10,
australia,2022,BcrtjVuPQTp0mUZ2wtzxHQeYRdqK,retail,linkedin.com/company/rug-kingdom-australia,brisbane,rug kingdom australia,queensland,1-10,rugkingdom.com.au
australia,,jlfWCuypCgsYFjdCPBmvCgtD7A8f,retail,linkedin.com/company/ruusk,sydney,ruusk,new south wales,1-10,ruusk.com
australia,2007,WtTsF4gWpyO0QU1HplTeOgKknRaS,retail,linkedin.com/company/osim-au,sydney,osim australia,new south wales,51-200,osim.com.au
australia,,VoR6KZ5i2ZwLifBJI4xC5QMHFhp1,retail,linkedin.com/company/jake’s-home-improvements,taylors hill,jake’s home improvements,victoria,1-10,showersinvogue.com
australia,,ZKR7HwuKgxmYtCegTbCRVwmaiq50,retail,linkedin.com/company/boom-up-souvenirs,smithfield,boom up souvenirs,south australia,1-10,boomup.com.au
australia,,7wXoxPsFSBU3WiQaZHFEWQU8MGtr,retail,linkedin.com/company/autotech-tools,white flat,autotech tools,south australia,1-10,autotechtools.com.au
australia,,WHEcSqgJLdQqkBzLJQZmyANnk1SM,retail,linkedin.com/company/white-out-of-the,tyabb,white out of the,victoria,1-10,whiteoutofthebox.com.au
australia,,qcCXDDhP6CSlsDEgfqxd0Q0Sgeob,retail,linkedin.com/company/foremans-fine-food-merchant,balwyn,foreman's fine food merchant,victoria,1-10,foremans.net.au
australia,,4tFBurrNarnGyBEnONP2fQ1gfoN6,retail,linkedin.com/company/fritzwear,fitzroy crossing,fritzwear,western australia,1-10,fritzwear.com.au
australia,1993,UJcZ1iRyRi5ZhrKw4GTclAHnXMgt,retail,linkedin.com/company/australian-firefighters-calendar,gold coast,australian firefighters calendar,queensland,51-200,australianfirefighterscalendar.com
australia,,fqHcAzQH52dHLBXMoIB5Ew72ZdPh,retail,linkedin.com/company/crafty-replica-medals,ferny grove,crafty replica medals,queensland,1-10,craftyreplicamedals.com
australia,,kMdqI1LuCBELOt6cRddnkg2tQQh0,retail,linkedin.com/company/woodlands-auctions,,woodlands auctions,,1-10,woodlandsauctions.com.au
australia,2018,5c81dvymQI7ybaRcYxmIRwKolzDp,retail,linkedin.com/company/hey-harlow,brisbane,hey harlow,queensland,1-10,heyharlow.com.au
australia,,Zmc3KJGmUef1iBb853tpkwSxlZfN,retail,linkedin.com/company/kellys-office-furniture,dee why,kellys office furniture,new south wales,1-10,kellysofficefurniture.com.au
australia,,sYDepJbl0EouZc0pjzEG5gvtjhUC,retail,linkedin.com/company/veiled-jewel,bass hill,veiled jewel,new south wales,1-10,veiledjewel.com
australia,,gLjP7UBfRZTOYG8aYKrzaApTVD8o,retail,linkedin.com/company/all-purpose-bakery,darlinghurst,all purpose bakery,new south wales,1-10,apbakery.com.au
australia,,3rwCH0lllHncFO2CTTx79QF3iZK8,retail,linkedin.com/company/ballistic-race-cars,baldivis,ballistic race cars,western australia,1-10,ballisticracecars.com
australia,,AsqVcMQrh8AuOKKx6nMXcQE7WzzO,retail,linkedin.com/company/rococo-seoul,central park,rococo seoul,victoria,1-10,rococoseoul.com
australia,,awgIwyHtjj4bA1Bpq832zAMdI7HL,retail,linkedin.com/company/westpac-life-saver-helicopter,south grafton,westpac life saver helicopter,new south wales,1-10,
australia,,J03ujoBbqiFp7v7PW6Xmpgyr6ZTU,retail,linkedin.com/company/unveiling-sa-a,mclaren vale,unveiling sa a,south australia,1-10,unveilingsa.com.au
australia,,qfReim7CCmAT4aMXeDgk9ApmIq1J,retail,linkedin.com/company/knotts-pine-tuggerah,east gosford,knotts pine tuggerah,new south wales,1-10,knottspine.com.au
australia,,99mzgEbShzYOQtJkjLA0yQNIH0zt,retail,linkedin.com/company/hobie®-polarized-sunglasses,huskisson,hobie® polarized sunglasses,new south wales,1-10,hobiepolarized.com.au
australia,,ErA6Y23yiCnwO3PeES6H6QhyABtH,retail,linkedin.com/company/ecigify,mornington,ecigify,queensland,1-10,ecigify.com.au
australia,,UAU1abXbNOVDu4C3BRyxagj7cQpq,retail,linkedin.com/company/riverwood-hotel,riverwood,riverwood hotel,new south wales,1-10,riverwoodhotel.com.au
australia,,zPNF1ak4lcEnhUHiRrS8vAI8lN3g,retail,linkedin.com/company/scissorman,curtin,scissorman,australian capital territory,1-10,scissorman.com.au
australia,,Lz59ke53aDx76OKfdbpYCQ48yvvL,retail,linkedin.com/company/wellizen,north sydney,wellizen,new south wales,201-500,wellizen.com
australia,,eoT4BlVgtZJ9CwYVMGr5Lg7OlY6r,retail,linkedin.com/company/e-plants-online,dingley village,e plants online,victoria,1-10,eplantsonline.com
australia,,RkTGIxcVkyVuBy5J5H8IwAOqiEUV,retail,linkedin.com/company/allsports-trophy-centre,southport,allsports trophy centre,queensland,1-10,trophiessouthport.com
australia,,lQ3J8kN9AnXPraMVqdr0kABQxXvC,retail,linkedin.com/company/v-&-m-automotive,gladesville,v & m automotive,new south wales,1-10,vmautomotive.com.au
australia,,QOTHbHmbiL1M2f6PpLXakg5ZhPhW,retail,linkedin.com/company/lifeline-chermside,chermside,lifeline chermside,queensland,1-10,
australia,2020,jUCiStkhqjuC9li9fZDjWwCiHZfS,retail,linkedin.com/company/slowwell-australia,ettalong beach,slowwell australia,new south wales,1-10,slowwell.co
australia,,6qL3TuaIwteQq8Q05P4AVwxAbOPJ,retail,linkedin.com/company/sportscruiser-caravans,kunda park,sportscruiser caravans,queensland,1-10,sportscruiser.com.au
australia,2021,XdRlHhsXnZk01ysgadmdZAg4RtEa,retail,linkedin.com/company/for-love-and-furries,adelaide,for love & furries,south australia,1-10,forloveandfurries.com
australia,,Aknse2HLqVDyQo0w6tSZ2AVwEwfd,retail,linkedin.com/company/plants4perth,,plants4perth,,1-10,plants4perth.com.au
australia,,bIr2pAqZKKStA3TtMYJ3tw5YM0W1,retail,linkedin.com/company/sears-morton,fyshwick,sears morton,australian capital territory,1-10,searsmorton.com.au
australia,2009,A8F0IySIOBvOdZBJrwa7mAFBOrj2,retail,linkedin.com/company/erply-australia,sydney,erply australia,new south wales,51-200,erply.com.au
australia,,kddDO1SvlQKPudTt9KC53QClDO0n,retail,linkedin.com/company/sun-chairs,coffs harbour,sun chairs,new south wales,1-10,sunchairs.com.au
australia,,YzqfXVCBW8WLO7BTqlCTdwMof72v,retail,linkedin.com/company/macarthur-nissan,campbelltown,macarthur nissan,new south wales,1-10,macarthurnissan.com.au
australia,,oY0NvXWtAhDkHmrSHc3PtgTiQXqS,retail,linkedin.com/company/murchison-river-swags-&-bags,glenfield,murchison river swags & bags,western australia,1-10,murchisonriverswags.com
australia,,mB1DBBLTSiikputGUmghCwrJO8UJ,retail,linkedin.com/company/worksharp,capalaba,worksharp,queensland,1-10,
australia,,byHMw5Bd4GaeT8t1brC6cw7FFon7,retail,linkedin.com/company/satelite-city,melton,satelite city,victoria,1-10,satelitecityfurniture.com.au
australia,,ZmwAc9erbfzUAWve9YFIiwq2oXcJ,retail,linkedin.com/company/mama-bear-baby,parkes,mama bear baby,new south wales,1-10,mamabearbaby.com.au
australia,,lHvP1J8loqQW4dYJiRYRNAQuJriS,retail,linkedin.com/company/ez-pz-craft,nightcliff,ez pz craft,northern territory,1-10,ezpzcraft.com.au
australia,,Nb1pQzY1iCZZOFPGEaCFZAypt5is,retail,linkedin.com/company/claremont-plaza,claremont,claremont plaza,western australia,1-10,claremontplaza.com.au
australia,,Rg0MQavZxg7135sKJw0A6gHEpNbC,retail,linkedin.com/company/federation-tiles-perth,balcatta,federation tiles perth,western australia,1-10,
australia,,zGqRYqGoP62wokBorQLiPw3H7FZQ,retail,linkedin.com/company/amber-grove,berwick,amber grove,victoria,1-10,ambergrove.com.au
australia,1977,QqqYEOuuT6Zhbg2nXSdBJgTO07Wf,retail,linkedin.com/company/bst-group-aust,wendouree,bst group aust,victoria,11-50,bstgroup.com.au
australia,,SBE0CqvfI6CAtjbT3lE4CwHhCL3A,retail,linkedin.com/company/sunnyblinds,north st marys,sunnyblinds,new south wales,1-10,sunnyblinds.com.au
australia,,9DQl4Iu5KoQ10PadjcKUdwnDuY1D,retail,linkedin.com/company/chapter-two-books,stirling,chapter two books,south australia,1-10,chaptertwobooks.com.au
australia,,Sr2NDMIliTJJ1jAmMuo5bgheG1Tt,retail,linkedin.com/company/acpharm-qld,mermaid waters,acpharm qld,queensland,1-10,acpharmqld.com.au
